date,inside_sales,outside_sales,inside_covers,outside_covers,reserved_covers,walkin_covers,waitlist_covers,no_show_covers,no_show_parties,no_show_cover_rate
02-01-2017,13159.84,0,174,0,106,26,42,17,6,0.160377358
03-01-2017,12442.11,0,181,0,119,31,31,14,4,0.117647059
04-01-2017,12927.64,0,174,0,131,17,26,5,2,0.038167939
05-01-2017,14457.79,0,191,0,138,25,28,4,2,0.028985507
06-01-2017,15331.97,0,200,0,130,16,54,6,3,0.046153846
07-01-2017,16245.74,0,209,0,115,22,72,4,1,0.034782609
08-01-2017,14428.09,0,188,0,135,13,40,8,3,0.059259259
09-01-2017,12604.6,0,175,0,131,25,19,4,2,0.030534351
10-01-2017,13227.15,0,179,0,134,15,30,11,3,0.082089552
11-01-2017,15294.74,0,187,0,139,18,30,3,2,0.021582734
12-01-2017,15518.55,0,182,0,124,17,41,13,7,0.10483871
13-01-2017,14839.62,0,201,0,131,25,45,19,5,0.145038168
14-01-2017,17289.53,0,222,0,155,10,57,10,4,0.064516129
15-01-2017,15491.24,0,222,0,146,21,55,18,6,0.123287671
16-01-2017,13852.72,0,200,0,143,14,43,2,1,0.013986014
17-01-2017,11401.96,0,139,0,105,19,15,4,2,0.038095238
18-01-2017,13072.37,0,173,0,121,24,28,14,6,0.115702479
19-01-2017,14309.93,0,186,0,129,23,34,5,3,0.03875969
20-01-2017,16909.2,0,202,0,140,14,48,6,2,0.042857143
21-01-2017,17803.79,0,241,0,163,20,58,4,2,0.024539877
22-01-2017,11864.92,0,167,0,116,26,25,6,3,0.051724138
23-01-2017,13118.67,0,164,0,129,18,17,16,5,0.124031008
24-01-2017,15002.2,0,179,0,136,2,41,10,4,0.073529412
25-01-2017,15672.27,0,198,0,151,15,32,2,1,0.013245033
26-01-2017,13775.48,0,148,0,89,17,42,10,4,0.112359551
27-01-2017,15530.01,0,202,0,140,17,45,8,4,0.057142857
28-01-2017,17798.77,0,217,0,142,25,50,8,3,0.056338028
29-01-2017,13957.47,0,198,0,130,17,51,6,3,0.046153846
30-01-2017,13181.96,0,183,0,139,11,33,9,4,0.064748201
31-01-2017,14639.51,0,161,0,117,15,29,10,4,0.085470085
01-02-2017,14123.7,0,194,0,145,8,41,8,3,0.055172414
02-02-2017,17747.13,0,178,0,130,14,34,10,3,0.076923077
03-02-2017,17399.43,0,206,0,147,17,42,8,2,0.054421769
04-02-2017,17545.95,0,217,0,152,24,41,0,0,0
05-02-2017,0,0,,0,,,,,,
06-02-2017,12541.53,0,168,0,127,20,21,8,3,0.062992126
07-02-2017,14185.24,0,176,0,133,14,29,9,3,0.067669173
08-02-2017,14382.57,0,186,0,129,16,41,16,7,0.124031008
09-02-2017,13655.02,0,181,0,112,16,53,12,7,0.107142857
10-02-2017,15970.63,0,177,0,136,10,31,2,1,0.014705882
11-02-2017,16634.66,0,222,0,140,27,55,11,4,0.078571429
12-02-2017,14299.8,0,200,0,138,28,34,7,3,0.050724638
13-02-2017,14230.93,0,190,0,143,24,23,20,7,0.13986014
14-02-2017,14481.16,0,186,0,123,20,43,10,4,0.081300813
15-02-2017,15609.01,0,196,0,144,17,35,9,4,0.0625
16-02-2017,15115.68,0,196,0,144,22,30,4,1,0.027777778
17-02-2017,16962.3,0,210,0,149,23,38,5,2,0.033557047
18-02-2017,15932.2,0,215,0,139,33,43,4,2,0.028776978
19-02-2017,15567.31,0,200,0,140,22,38,8,2,0.057142857
20-02-2017,12690.5,0,183,0,124,25,34,18,6,0.14516129
21-02-2017,13379.98,0,186,0,127,20,39,6,2,0.047244094
22-02-2017,12914.12,0,172,0,126,11,35,5,2,0.03968254
23-02-2017,13450.75,0,186,0,129,19,38,0,0,0
24-02-2017,14834.67,0,209,0,140,16,53,4,1,0.028571429
25-02-2017,16599.52,0,231,0,154,33,44,12,4,0.077922078
26-02-2017,14263.85,0,201,0,125,38,38,17,7,0.136
27-02-2017,13716.86,0,171,0,138,14,19,3,2,0.02173913
28-02-2017,15136.09,0,161,0,113,33,15,4,2,0.03539823
01-03-2017,13773.48,0,179,0,134,14,31,0,0,0
02-03-2017,15066.19,0,179,0,133,17,29,14,6,0.105263158
03-03-2017,14819.79,0,190,0,125,17,48,9,4,0.072
04-03-2017,18980.78,0,240,0,164,4,72,0,0,0
05-03-2017,14517.5,0,217,0,140,30,47,9,4,0.064285714
06-03-2017,13041.74,0,166,0,119,21,26,4,2,0.033613445
07-03-2017,13784.06,0,167,0,133,11,23,6,2,0.045112782
08-03-2017,14269.45,0,185,0,136,11,38,10,4,0.073529412
09-03-2017,14775.67,0,193,0,143,18,32,8,3,0.055944056
10-03-2017,15135.91,0,195,0,135,21,39,11,4,0.081481481
11-03-2017,18060.54,0,209,0,140,17,52,13,5,0.092857143
12-03-2017,14304.03,0,192,0,138,30,24,16,6,0.115942029
13-03-2017,13130.57,0,179,0,133,35,11,1,1,0.007518797
14-03-2017,0,0,,0,,,,,,
15-03-2017,13946.54,0,172,0,125,28,19,6,2,0.048
16-03-2017,14506.04,0,187,0,132,20,35,10,5,0.075757576
17-03-2017,18270.45,0,210,0,142,24,44,10,3,0.070422535
18-03-2017,17417.11,0,226,0,154,19,53,10,5,0.064935065
19-03-2017,15175.57,0,197,0,127,34,36,18,8,0.141732283
20-03-2017,13641.76,0,191,0,131,18,42,5,3,0.038167939
21-03-2017,13990.11,0,179,0,130,20,29,10,5,0.076923077
22-03-2017,13219.24,0,181,0,120,22,39,11,5,0.091666667
23-03-2017,12274.55,0,171,0,120,20,31,18,7,0.15
24-03-2017,14918.99,0,193,0,142,14,37,11,5,0.077464789
25-03-2017,17790.2,0,233,0,169,22,42,5,2,0.029585799
26-03-2017,15494.25,0,213,0,140,29,44,16,7,0.114285714
27-03-2017,14012.57,0,177,0,111,28,38,16,7,0.144144144
28-03-2017,13764.82,0,188,0,132,24,32,10,5,0.075757576
29-03-2017,13511.06,0,193,0,119,19,55,21,9,0.176470588
30-03-2017,14750.53,0,178,0,129,8,41,14,7,0.108527132
31-03-2017,14993.56,0,196,0,134,14,48,10,4,0.074626866
01-04-2017,18240.05,0,229,0,154,14,61,10,4,0.064935065
02-04-2017,13855.4,0,206,0,137,29,40,8,2,0.058394161
03-04-2017,14837.15,0,184,0,129,16,39,12,3,0.093023256
04-04-2017,13197.14,0,175,0,126,17,32,6,3,0.047619048
05-04-2017,12734.13,26,167,2,119,10,40,10,3,0.084033613
06-04-2017,13259.94,0,179,0,117,27,35,12,4,0.102564103
07-04-2017,15871.63,0,202,0,147,13,42,6,3,0.040816327
08-04-2017,17201.92,0,233,0,152,20,61,9,4,0.059210526
09-04-2017,13944.97,0,209,0,136,24,49,14,5,0.102941176
10-04-2017,13294.15,4164,185,71,130,80,46,22,8,0.169230769
11-04-2017,11246.8,4619,164,89,121,60,72,10,5,0.082644628
12-04-2017,14836.66,5001.21,191,84,150,56,69,8,4,0.053333333
13-04-2017,15669.83,3782.38,193,67,157,53,50,2,1,0.012738854
14-04-2017,16497.2,3915.5,207,76,135,67,81,28,10,0.207407407
15-04-2017,17041.18,4769,210,81,131,91,69,14,5,0.106870229
16-04-2017,13162.99,4921,199,106,128,76,101,21,8,0.1640625
17-04-2017,11764.6,3301.98,165,61,123,88,15,17,8,0.138211382
18-04-2017,13129.11,366.5,173,8,134,17,30,10,4,0.074626866
19-04-2017,12213.75,0,176,0,113,30,33,8,4,0.07079646
20-04-2017,13549.07,1669.17,184,30,127,49,38,14,6,0.11023622
21-04-2017,15855.95,176,199,2,133,10,58,15,5,0.112781955
22-04-2017,17513.95,0,232,0,143,27,62,8,4,0.055944056
23-04-2017,15399.77,2084.5,203,43,119,70,57,22,8,0.18487395
24-04-2017,14321.38,0,200,0,131,20,49,16,5,0.122137405
25-04-2017,15762.3,0,166,0,102,14,50,12,5,0.117647059
26-04-2017,13659.22,544,163,11,111,26,37,11,3,0.099099099
27-04-2017,14241.45,1327.5,202,33,127,60,48,30,10,0.236220472
28-04-2017,14681.55,7498,183,114,140,68,89,26,9,0.185714286
29-04-2017,17023.25,7897.22,188,127,142,43,130,12,5,0.084507042
30-04-2017,13939.2,84,205,2,139,17,51,22,8,0.158273381
01-05-2017,11624.23,3760.89,162,60,110,61,51,16,7,0.145454545
02-05-2017,13417.57,5621.55,180,86,129,61,76,13,6,0.100775194
03-05-2017,12843.27,2846,175,42,107,51,59,24,8,0.224299065
04-05-2017,14497.92,334.42,185,14,126,35,38,16,6,0.126984127
05-05-2017,15769.13,0,205,0,135,21,49,4,2,0.02962963
06-05-2017,16751.37,2253,225,46,136,65,70,18,6,0.132352941
07-05-2017,14938.69,0,200,0,123,16,61,21,8,0.170731707
08-05-2017,13171.45,1630,171,39,102,69,39,9,4,0.088235294
09-05-2017,14515.84,104,185,3,127,21,40,14,4,0.11023622
10-05-2017,13333.11,3194.5,173,53,124,70,32,21,8,0.169354839
11-05-2017,16600.78,2098,195,36,131,48,52,10,4,0.076335878
12-05-2017,16186.37,2761,198,54,132,51,69,21,7,0.159090909
13-05-2017,16634.99,0,217,0,132,39,46,17,6,0.128787879
14-05-2017,14104.57,3714,221,56,149,76,52,10,6,0.067114094
15-05-2017,14619.05,4898,162,81,121,73,49,13,5,0.107438017
16-05-2017,13584.74,6678.13,184,103,145,44,98,20,9,0.137931034
17-05-2017,12554.89,5574.61,170,100,126,60,84,14,7,0.111111111
18-05-2017,14528.9,5349.3,196,84,127,70,83,18,7,0.141732283
19-05-2017,14493.43,5773.48,194,105,155,45,99,13,7,0.083870968
20-05-2017,18713.63,4784.84,213,102,143,52,120,9,4,0.062937063
21-05-2017,13555.5,4690.5,190,91,121,82,78,33,12,0.272727273
22-05-2017,14307.2,0,190,0,124,25,41,11,5,0.088709677
23-05-2017,13687.53,4048.5,168,79,115,65,67,14,7,0.12173913
24-05-2017,13219.46,4360.84,184,77,128,69,64,27,12,0.2109375
25-05-2017,15073.34,0,187,0,111,24,52,13,5,0.117117117
26-05-2017,15074,6612.48,197,100,132,42,123,16,7,0.121212121
27-05-2017,15183.88,6186.17,212,102,145,44,125,12,6,0.082758621
28-05-2017,16041.19,5743.5,220,101,132,79,110,12,5,0.090909091
29-05-2017,12522.7,1563.5,182,26,118,32,58,27,11,0.228813559
30-05-2017,13781.12,184.5,194,3,118,22,57,13,6,0.110169492
31-05-2017,14624.48,4208.5,176,80,123,72,61,22,9,0.178861789
01-06-2017,12063.4,5377.5,176,86,111,81,70,32,10,0.288288288
02-06-2017,15566.88,7445.91,168,137,131,60,114,6,3,0.045801527
03-06-2017,16106.63,7925,203,128,152,44,135,7,3,0.046052632
04-06-2017,14567.5,0,211,0,121,33,57,7,3,0.05785124
05-06-2017,12927.54,1090.5,171,27,109,31,58,12,5,0.110091743
06-06-2017,15728.74,0,185,0,128,25,32,18,9,0.140625
07-06-2017,14807.97,4945,170,88,117,74,67,26,13,0.222222222
08-06-2017,14142.99,3195.08,176,51,125,52,50,19,7,0.152
09-06-2017,14799.02,7802,186,115,147,50,104,12,4,0.081632653
10-06-2017,15207.24,7747,191,125,120,58,138,30,10,0.25
11-06-2017,12895.08,5303.13,188,102,121,89,80,20,8,0.165289256
12-06-2017,13012.01,4566.5,168,93,117,82,62,28,10,0.239316239
13-06-2017,12198.81,3807.5,186,70,118,70,68,28,9,0.237288136
14-06-2017,13244.11,5336.88,182,77,124,56,79,11,5,0.088709677
15-06-2017,15192.26,5314.97,184,91,140,54,81,18,8,0.128571429
16-06-2017,15727.78,5047,197,90,151,58,78,14,6,0.092715232
17-06-2017,16829.43,4976.67,190,102,130,93,69,35,12,0.269230769
18-06-2017,13134.39,5022.49,196,96,131,69,92,32,12,0.244274809
19-06-2017,13991.77,0,177,0,118,19,40,28,12,0.237288136
20-06-2017,12398.23,6477.63,189,102,128,84,79,23,7,0.1796875
21-06-2017,13197.29,5956.95,169,99,135,57,76,20,8,0.148148148
22-06-2017,13939.56,6081.8,154,111,117,38,110,21,9,0.179487179
23-06-2017,16353.36,0,200,5,141,3,61,18,9,0.127659574
24-06-2017,16211.18,7313.21,197,115,151,58,103,14,5,0.092715232
25-06-2017,12659.49,5744.55,189,106,121,67,107,23,8,0.190082645
26-06-2017,12941.88,4954,180,80,136,56,68,17,6,0.125
27-06-2017,12553.62,5261.18,151,107,130,64,64,21,9,0.161538462
28-06-2017,15526.92,5581.46,162,92,147,44,63,7,3,0.047619048
29-06-2017,12673.13,5672,157,106,129,75,59,17,7,0.131782946
30-06-2017,15662.15,4779.01,201,77,148,53,77,12,5,0.081081081
01-07-2017,15957.69,5348,223,85,156,75,77,20,6,0.128205128
02-07-2017,14588.54,7725.39,217,129,140,62,144,30,12,0.214285714
03-07-2017,14509.19,7319.55,194,115,125,72,112,17,6,0.136
04-07-2017,11978.96,5884.69,183,107,96,134,60,32,12,0.333333333
05-07-2017,11827.67,5477.5,148,112,111,66,83,24,10,0.216216216
06-07-2017,12197.88,4487.5,168,81,119,86,44,30,10,0.25210084
07-07-2017,15878.84,2830.5,188,68,128,60,68,16,5,0.125
08-07-2017,15991.75,7466,199,132,128,80,123,14,6,0.109375
09-07-2017,13829.5,6024.5,196,106,135,83,84,32,9,0.237037037
10-07-2017,12842.45,4061.02,176,77,119,61,73,13,5,0.109243697
11-07-2017,12741.23,4409.38,182,75,128,84,45,22,9,0.171875
12-07-2017,14399.47,947.5,184,30,134,47,33,26,9,0.194029851
13-07-2017,13686.99,0,186,0,113,27,46,15,7,0.132743363
14-07-2017,15037.84,0,204,0,145,20,39,8,3,0.055172414
15-07-2017,15675.67,6790.5,201,105,146,48,112,23,9,0.157534247
16-07-2017,13457.31,5966.5,198,109,126,64,117,16,7,0.126984127
17-07-2017,13317.17,3647.21,187,79,134,78,54,17,9,0.126865672
18-07-2017,12022.86,6442.48,161,85,117,68,61,19,7,0.162393162
19-07-2017,12747.39,4887.84,172,91,128,73,62,16,6,0.125
20-07-2017,14222.98,2395,170,40,134,41,35,12,5,0.089552239
21-07-2017,14705.17,6266,206,99,150,55,100,13,5,0.086666667
22-07-2017,18243.54,1014,221,27,117,63,68,27,9,0.230769231
23-07-2017,17013.2,5016,206,93,148,78,73,8,3,0.054054054
24-07-2017,13543.94,1046.5,171,26,109,48,40,10,4,0.091743119
25-07-2017,13297.26,5033.5,156,82,123,53,62,16,6,0.130081301
26-07-2017,14047.67,5519.5,176,87,147,55,61,21,8,0.142857143
27-07-2017,14598.44,4008.96,193,72,132,65,68,15,6,0.113636364
28-07-2017,14663.24,5702.5,195,100,124,63,108,35,14,0.282258065
29-07-2017,15562.11,7189,220,130,152,71,127,16,7,0.105263158
30-07-2017,13614.36,7344.88,184,122,124,72,110,10,3,0.080645161
31-07-2017,13067.24,4781.13,188,77,132,63,70,9,5,0.068181818
01-08-2017,11004.36,4611.5,160,85,121,60,64,21,9,0.173553719
02-08-2017,13404.86,2856,161,42,132,18,53,19,7,0.143939394
03-08-2017,15063.76,4461.5,180,87,133,55,79,12,3,0.090225564
04-08-2017,14477.75,7325.98,197,119,128,67,121,26,9,0.203125
05-08-2017,16061.96,7801.26,218,135,147,56,150,20,8,0.136054422
06-08-2017,13366.84,7201,193,117,125,67,118,17,6,0.136
07-08-2017,14308.25,0,186,0,128,14,44,11,5,0.0859375
08-08-2017,12335.28,5132.21,157,99,122,66,68,21,8,0.172131148
09-08-2017,13570.7,5854.5,182,101,162,40,81,8,4,0.049382716
10-08-2017,13985.32,6498.17,194,95,153,50,86,18,7,0.117647059
11-08-2017,15111.63,5541,193,93,145,47,94,17,6,0.117241379
12-08-2017,15923.2,5654,192,94,147,59,80,11,6,0.074829932
13-08-2017,14686.77,6330.69,212,113,136,91,98,16,7,0.117647059
14-08-2017,12545.42,5191.67,174,86,137,61,62,22,9,0.160583942
15-08-2017,11992.97,4222,157,74,125,60,46,22,8,0.176
16-08-2017,12639.89,5863,162,96,127,48,83,23,8,0.181102362
17-08-2017,12026.11,6088,167,103,135,71,64,40,14,0.296296296
18-08-2017,16542.83,860,191,25,133,32,51,24,7,0.180451128
19-08-2017,14475.31,8107.13,197,132,156,42,131,22,8,0.141025641
20-08-2017,12300.07,4823.5,184,97,114,86,81,19,9,0.166666667
21-08-2017,11535.22,5494.5,166,94,135,60,65,10,4,0.074074074
22-08-2017,12102.29,4393.5,183,76,126,83,50,19,8,0.150793651
23-08-2017,13163.74,5672,175,104,130,61,88,22,10,0.169230769
24-08-2017,12845.74,5641,163,94,113,68,76,20,8,0.17699115
25-08-2017,13149.34,7395,184,110,151,51,92,12,5,0.079470199
26-08-2017,13359.34,6897.41,205,115,127,75,118,19,8,0.149606299
27-08-2017,13484,6730.07,180,126,125,70,111,20,9,0.16
28-08-2017,14718.64,4780.5,204,72,139,85,52,17,8,0.122302158
29-08-2017,13213.19,0,184,0,134,23,27,23,9,0.171641791
30-08-2017,14429.14,4848,178,101,127,68,84,13,6,0.102362205
31-08-2017,12712.38,6251,169,102,133,68,70,24,11,0.180451128
01-09-2017,15084.56,5818,193,110,130,54,119,21,8,0.161538462
02-09-2017,16146.44,0,214,9,136,28,59,4,2,0.029411765
03-09-2017,15226.27,7114.94,193,129,139,66,117,13,5,0.09352518
04-09-2017,13684.25,5409.63,196,98,128,65,101,34,10,0.265625
05-09-2017,11958.47,3372.5,184,60,134,49,61,18,8,0.134328358
06-09-2017,19011.01,0,183,0,124,27,32,9,5,0.072580645
07-09-2017,12200.46,4932.5,171,90,105,100,56,40,13,0.380952381
08-09-2017,14816.19,5928.5,189,97,142,72,72,26,13,0.183098592
09-09-2017,17040.54,8129.5,198,117,152,61,102,20,7,0.131578947
10-09-2017,13594.01,6244.98,197,107,115,90,99,18,6,0.156521739
11-09-2017,11879.24,4611,160,82,123,48,71,18,7,0.146341463
12-09-2017,13365.39,5930,150,99,132,51,66,16,5,0.121212121
13-09-2017,13017.94,4684,171,71,132,67,43,16,6,0.121212121
14-09-2017,14029.47,4819.5,182,83,127,90,48,20,10,0.157480315
15-09-2017,16592.76,7299,176,123,148,50,101,6,2,0.040540541
16-09-2017,15538.67,6985.3,186,117,157,61,85,16,6,0.101910828
17-09-2017,12164.32,6410.13,171,107,126,54,98,30,11,0.238095238
18-09-2017,13568.5,2561.94,189,49,129,67,42,10,5,0.07751938
19-09-2017,13213.17,0,185,0,114,24,47,15,5,0.131578947
20-09-2017,13463,4414.5,167,78,119,68,58,27,9,0.226890756
21-09-2017,12122.5,5421,170,81,129,46,76,6,2,0.046511628
22-09-2017,16806.97,7043,177,121,131,73,94,9,3,0.06870229
23-09-2017,14781.02,8088.17,176,128,144,61,99,19,6,0.131944444
24-09-2017,15292.98,5812.09,188,89,120,49,108,6,3,0.05
25-09-2017,12402.47,4219.5,160,74,130,49,55,21,8,0.161538462
26-09-2017,11746.39,3276.5,174,54,107,79,42,6,3,0.056074766
27-09-2017,13053.71,4626.25,154,77,121,52,58,24,9,0.198347107
28-09-2017,13579.76,3453.34,171,75,131,64,51,14,5,0.106870229
29-09-2017,15094.87,6752.63,195,106,155,63,83,7,3,0.04516129
30-09-2017,17188.44,4214,221,69,154,78,58,22,10,0.142857143
01-10-2017,13615.99,5314,180,100,130,77,73,13,6,0.1
02-10-2017,12110.05,3094.5,168,58,113,69,44,37,14,0.327433628
03-10-2017,14212.16,3270,195,60,144,54,57,17,7,0.118055556
04-10-2017,11686.51,5014,159,83,114,69,59,28,9,0.245614035
05-10-2017,16526.11,3306.5,184,65,121,80,48,21,9,0.173553719
06-10-2017,14574.51,7504.65,202,104,161,58,87,12,4,0.074534161
07-10-2017,13430.32,7511,189,122,130,62,119,16,7,0.123076923
08-10-2017,14986.73,4556.5,191,86,122,63,92,9,4,0.073770492
09-10-2017,11963.9,0,180,0,114,36,30,10,4,0.087719298
10-10-2017,16150.46,4707.5,157,88,135,62,48,15,7,0.111111111
11-10-2017,16262.21,0,180,4,121,26,37,15,6,0.123966942
12-10-2017,14665.87,2548.5,189,28,127,45,45,19,6,0.149606299
13-10-2017,14984.36,6096,199,108,143,53,111,18,6,0.125874126
14-10-2017,15717.4,6352.5,196,106,151,61,90,6,2,0.039735099
15-10-2017,14638.73,4322,182,78,122,80,58,5,2,0.040983607
16-10-2017,14182.99,0,182,0,122,20,40,13,5,0.106557377
17-10-2017,12756.3,0,179,0,114,35,30,21,10,0.184210526
18-10-2017,13725.51,3579.12,184,56,137,46,57,8,4,0.058394161
19-10-2017,14178.88,4282.17,185,65,127,67,56,29,10,0.228346457
20-10-2017,14863.48,5901.98,187,85,145,54,73,13,5,0.089655172
21-10-2017,16583.74,7211.98,202,113,145,54,116,10,5,0.068965517
22-10-2017,14256.47,5181.61,188,89,117,54,106,13,5,0.111111111
23-10-2017,15603.8,3548,181,67,135,64,49,11,5,0.081481481
24-10-2017,13815.61,0,192,0,119,29,44,11,4,0.092436975
25-10-2017,14156.55,2688.13,191,47,131,57,50,24,8,0.183206107
26-10-2017,18560.79,0,189,0,132,24,33,9,5,0.068181818
27-10-2017,15526.58,3365,191,52,141,68,34,13,5,0.092198582
28-10-2017,16796.1,6863.5,186,101,151,54,82,10,4,0.066225166
29-10-2017,14239.55,0,191,0,126,22,43,18,7,0.142857143
30-10-2017,13725.51,0,177,0,128,13,36,14,5,0.109375
31-10-2017,13040.32,0,189,0,121,24,44,20,9,0.165289256
01-11-2017,17678.12,0,176,0,130,18,28,20,7,0.153846154
02-11-2017,13972.7,2471.5,177,54,112,89,30,25,11,0.223214286
03-11-2017,16277,5194.5,183,94,125,70,82,26,7,0.208
04-11-2017,17404.57,0,214,0,152,33,29,8,4,0.052631579
05-11-2017,15577.17,0,199,0,130,36,33,21,8,0.161538462
06-11-2017,14282.8,0,184,0,130,24,30,14,7,0.107692308
07-11-2017,12763.13,0,164,0,111,20,33,19,5,0.171171171
08-11-2017,15251.01,0,184,0,125,33,26,7,3,0.056
09-11-2017,16385.38,0,186,0,138,13,35,14,4,0.101449275
10-11-2017,17368.44,0,200,0,148,21,31,14,4,0.094594595
11-11-2017,15800.3,0,202,0,129,24,49,21,5,0.162790698
12-11-2017,14902.36,0,201,0,126,32,43,14,6,0.111111111
13-11-2017,12977,0,168,0,111,23,34,27,10,0.243243243
14-11-2017,13953.13,0,166,0,112,27,27,14,6,0.125
15-11-2017,15811.91,0,187,0,120,19,48,18,7,0.15
16-11-2017,16681.98,0,189,0,138,17,34,19,6,0.137681159
17-11-2017,16040.23,0,189,0,137,17,35,2,1,0.01459854
18-11-2017,19629.02,0,215,0,154,17,44,8,4,0.051948052
19-11-2017,15032.04,0,203,0,117,33,53,22,8,0.188034188
20-11-2017,14128.5,0,180,0,122,33,25,5,2,0.040983607
21-11-2017,15569.8,0,190,0,138,15,37,8,3,0.057971014
22-11-2017,16224.55,0,198,0,142,28,28,8,4,0.056338028
23-11-2017,0,0,,0,,,,,,
24-11-2017,13427.24,0,188,0,113,33,42,10,5,0.088495575
25-11-2017,14833.24,0,213,0,133,11,69,7,2,0.052631579
26-11-2017,13432.36,0,186,0,132,26,28,24,12,0.181818182
27-11-2017,12881.51,0,174,0,115,15,44,14,6,0.12173913
28-11-2017,14999.48,0,146,0,105,17,24,13,4,0.123809524
29-11-2017,15724.67,0,171,0,126,21,24,4,2,0.031746032
30-11-2017,12896.5,0,173,0,119,23,31,6,2,0.050420168
01-12-2017,15511.27,0,181,0,133,18,30,4,1,0.030075188
02-12-2017,18556.11,0,222,0,144,35,43,6,3,0.041666667
03-12-2017,15865.48,0,205,0,131,7,67,25,8,0.190839695
04-12-2017,19433.48,0,178,0,125,19,34,19,7,0.152
05-12-2017,14639.21,0,155,0,104,22,29,6,2,0.057692308
06-12-2017,14597.31,0,180,0,129,19,32,14,5,0.108527132
07-12-2017,20422.05,0,170,0,126,14,30,13,5,0.103174603
08-12-2017,17726.06,0,198,0,151,14,33,6,3,0.039735099
09-12-2017,15744.28,0,209,0,133,18,58,14,4,0.105263158
10-12-2017,14365,0,189,0,120,37,32,12,4,0.1
11-12-2017,12052.75,0,169,0,121,20,28,10,3,0.082644628
12-12-2017,14517.97,0,162,0,112,17,33,4,2,0.035714286
13-12-2017,15496.48,0,177,0,121,18,38,9,3,0.074380165
14-12-2017,14323.89,0,183,0,149,19,15,9,4,0.060402685
15-12-2017,17763.8,0,196,0,126,34,36,14,5,0.111111111
16-12-2017,15935.17,0,203,0,143,27,33,12,4,0.083916084
17-12-2017,16267,0,214,0,127,26,61,9,4,0.070866142
18-12-2017,14395.6,0,173,0,130,13,30,12,5,0.092307692
19-12-2017,16609.84,0,192,2,135,11,48,6,2,0.044444444
20-12-2017,17182.14,0,173,0,133,16,24,27,8,0.203007519
21-12-2017,17355.11,0,192,0,147,20,25,6,3,0.040816327
22-12-2017,18221.14,0,160,0,118,9,33,4,2,0.033898305
23-12-2017,15586.86,0,206,0,126,36,44,8,2,0.063492063
24-12-2017,0,0,,0,,,,,,
25-12-2017,0,0,,0,,,,,,
26-12-2017,14696.17,0,191,0,127,11,53,10,4,0.078740157
27-12-2017,13799.65,0,196,0,133,7,56,2,1,0.015037594
28-12-2017,16099.48,0,210,0,139,18,53,10,3,0.071942446
29-12-2017,15889.64,0,203,0,130,1,72,10,5,0.076923077
30-12-2017,14915.91,0,202,2,144,16,44,8,4,0.055555556
31-12-2017,16199.59,0,204,0,148,21,35,13,5,0.087837838
01-01-2018,381,0,,0,,,,,,
02-01-2018,11591.75,0,163,2,102,27,36,18,9,0.176470588
03-01-2018,12052.11,0,156,2,116,23,19,22,8,0.189655172
04-01-2018,12296.98,0,172,0,100,16,56,12,6,0.12
05-01-2018,15831.14,0,183,0,130,13,40,8,4,0.061538462
06-01-2018,17706.94,0,205,0,145,27,33,14,6,0.096551724
07-01-2018,12013.59,0,174,0,125,16,33,10,4,0.08
08-01-2018,10950.13,0,160,0,110,24,26,10,4,0.090909091
09-01-2018,13713.21,0,188,0,124,25,39,14,6,0.112903226
10-01-2018,13153.22,0,183,0,132,22,29,6,3,0.045454545
11-01-2018,13591.3,0,173,0,121,17,35,17,5,0.140495868
12-01-2018,15769.51,0,195,0,142,22,31,6,3,0.042253521
13-01-2018,15649.11,0,208,0,133,18,57,10,2,0.07518797
14-01-2018,14887.05,0,194,0,138,15,41,8,4,0.057971014
15-01-2018,14474.18,0,184,0,125,9,50,19,7,0.152
16-01-2018,12975.52,0,175,0,128,17,30,16,6,0.125
17-01-2018,13090.01,0,182,0,132,16,34,17,6,0.128787879
18-01-2018,12896.48,0,158,0,105,20,33,25,10,0.238095238
19-01-2018,14100.47,0,185,0,137,12,36,4,2,0.02919708
20-01-2018,16153.19,0,206,0,149,23,34,11,5,0.073825503
21-01-2018,13986,0,192,0,141,25,26,4,2,0.028368794
22-01-2018,13145,0,182,0,137,13,32,11,5,0.080291971
23-01-2018,13383.92,0,171,4,136,15,24,2,1,0.014705882
24-01-2018,14668.75,0,187,0,139,15,33,7,3,0.050359712
25-01-2018,14697.44,0,186,0,129,22,35,10,4,0.07751938
26-01-2018,15793.57,0,196,0,145,18,33,8,3,0.055172414
27-01-2018,18097.83,0,211,0,163,20,28,6,2,0.036809816
28-01-2018,15762.86,0,217,0,147,29,41,5,2,0.034013605
29-01-2018,13543.61,0,181,0,146,5,30,11,5,0.075342466
30-01-2018,12223.45,0,160,0,107,32,21,10,4,0.093457944
31-01-2018,14233.5,0,175,0,136,19,20,3,1,0.022058824
01-02-2018,15137,0,171,0,117,33,21,10,4,0.085470085
02-02-2018,16261.74,0,172,0,134,19,19,4,1,0.029850746
03-02-2018,17275.07,0,208,0,148,34,26,15,5,0.101351351
04-02-2018,0,0,,0,,,,,,
05-02-2018,13081.65,0,170,0,113,38,19,10,4,0.088495575
06-02-2018,12446.82,0,157,0,111,20,26,13,5,0.117117117
07-02-2018,11371.75,0,144,0,106,16,22,20,6,0.188679245
08-02-2018,16081.5,0,175,0,126,22,27,2,1,0.015873016
09-02-2018,18509.32,0,205,0,142,16,47,5,2,0.035211268
10-02-2018,16519.23,0,203,0,142,30,31,9,3,0.063380282
11-02-2018,15937.24,0,201,0,126,29,46,8,4,0.063492063
12-02-2018,16637.84,0,199,0,136,17,46,9,4,0.066176471
13-02-2018,13032.24,0,180,0,142,5,33,5,2,0.035211268
14-02-2018,15317.94,0,184,0,159,17,8,4,2,0.025157233
15-02-2018,14609.26,0,193,0,135,22,36,2,1,0.014814815
16-02-2018,15764.83,0,190,0,155,21,14,8,3,0.051612903
17-02-2018,15503.48,0,206,0,156,21,29,4,2,0.025641026
18-02-2018,17442.63,0,223,0,157,24,42,2,1,0.012738854
19-02-2018,13704,0,176,0,120,11,45,12,5,0.1
20-02-2018,12742.07,0,163,0,122,26,15,18,7,0.147540984
21-02-2018,13869.01,0,182,0,115,28,39,11,4,0.095652174
22-02-2018,15877.63,0,172,0,137,12,23,4,1,0.02919708
23-02-2018,13772.15,0,179,0,121,12,46,12,5,0.099173554
24-02-2018,21976.76,0,210,0,150,26,34,2,1,0.013333333
25-02-2018,13971.81,0,206,0,134,17,55,10,4,0.074626866
26-02-2018,17876.87,0,171,0,111,15,45,5,2,0.045045045
27-02-2018,14237.64,0,171,0,128,16,27,9,4,0.0703125
28-02-2018,12150.94,0,162,0,120,15,27,6,3,0.05
01-03-2018,13980.8,0,177,0,127,21,29,11,3,0.086614173
02-03-2018,15440.15,0,180,0,138,2,40,4,1,0.028985507
03-03-2018,18356.16,0,217,0,171,8,38,11,3,0.064327485
04-03-2018,14259.57,0,184,0,123,27,34,6,3,0.048780488
05-03-2018,13305,0,169,0,122,8,39,16,6,0.131147541
06-03-2018,12088.94,0,157,0,106,29,22,17,6,0.160377358
07-03-2018,13685.18,0,158,0,102,14,42,14,7,0.137254902
08-03-2018,14277.66,0,167,0,131,17,19,6,2,0.045801527
09-03-2018,18137.11,0,191,0,138,10,43,12,4,0.086956522
10-03-2018,19734.19,0,208,0,167,11,30,10,3,0.05988024
11-03-2018,14177.67,0,195,0,111,28,56,10,4,0.09009009
12-03-2018,12434.9,0,168,0,107,16,45,27,9,0.252336449
13-03-2018,13097.63,0,183,0,135,17,31,6,2,0.044444444
14-03-2018,13295,0,165,0,115,35,15,15,7,0.130434783
15-03-2018,13203.02,0,190,0,135,25,30,8,3,0.059259259
16-03-2018,15502.47,0,182,0,139,10,33,6,2,0.043165468
17-03-2018,17215.66,0,208,0,144,31,33,6,1,0.041666667
18-03-2018,14037.34,0,185,0,116,22,47,8,3,0.068965517
19-03-2018,13587.97,0,191,0,125,23,43,24,8,0.192
20-03-2018,13245.02,0,173,0,125,17,31,9,3,0.072
21-03-2018,13036.93,0,165,0,88,19,58,30,11,0.340909091
22-03-2018,14031.82,0,170,0,122,25,23,9,3,0.073770492
23-03-2018,16848.58,0,203,0,157,16,30,2,1,0.012738854
24-03-2018,17664.66,0,222,0,158,5,59,0,0,0
25-03-2018,14533.32,0,199,0,134,37,28,8,3,0.059701493
26-03-2018,12464.67,0,170,0,114,21,35,11,5,0.096491228
27-03-2018,13446,0,167,0,118,16,33,22,9,0.186440678
28-03-2018,13819.49,0,156,0,119,15,22,22,8,0.18487395
29-03-2018,14182.87,0,193,0,137,12,44,5,2,0.03649635
30-03-2018,14656.24,0,172,0,120,6,46,13,4,0.108333333
31-03-2018,15249.67,0,202,0,143,25,34,10,4,0.06993007
01-04-2018,14288.22,758,211,18,132,55,42,8,3,0.060606061
02-04-2018,12480.72,0,169,0,114,16,39,15,5,0.131578947
03-04-2018,13825.48,0,172,0,139,14,19,2,1,0.014388489
04-04-2018,14518.67,0,178,0,131,14,33,14,4,0.106870229
05-04-2018,12431.53,0,180,0,120,27,33,10,3,0.083333333
06-04-2018,16374.57,2234.5,198,50,138,39,71,0,0,0
07-04-2018,17592.6,1625,224,26,164,38,48,4,1,0.024390244
08-04-2018,16561,0,221,0,137,15,69,5,2,0.03649635
09-04-2018,12958,0,178,0,131,29,18,8,3,0.061068702
10-04-2018,14129.44,0,181,0,142,20,19,13,4,0.091549296
11-04-2018,16705.75,290,186,6,128,18,46,4,1,0.03125
12-04-2018,14819.07,1327.5,187,16,133,27,43,6,2,0.045112782
13-04-2018,16591.81,5598.5,186,92,139,38,101,16,6,0.115107914
14-04-2018,16506.27,3251.5,201,63,177,32,55,9,4,0.050847458
15-04-2018,14469.12,0,185,0,124,18,43,2,1,0.016129032
16-04-2018,18094.83,185,163,4,106,28,33,15,6,0.141509434
17-04-2018,12857.1,0,180,0,116,17,47,10,4,0.086206897
18-04-2018,15526.12,530.5,185,10,136,26,33,8,4,0.058823529
19-04-2018,14159.5,0,164,0,119,15,30,0,0,0
20-04-2018,14910.5,1196,186,15,145,33,23,0,0,0
21-04-2018,18449.57,5832.5,198,93,152,56,83,6,2,0.039473684
22-04-2018,15381.12,3777.5,150,74,110,66,48,14,5,0.127272727
23-04-2018,12992.69,661.5,170,13,126,25,32,6,2,0.047619048
24-04-2018,11575.46,499,158,10,102,36,30,12,5,0.117647059
25-04-2018,14522.48,0,180,0,131,11,38,6,3,0.045801527
26-04-2018,14701.84,5555.5,182,85,143,49,75,12,5,0.083916084
27-04-2018,15425.84,0,193,0,131,12,50,4,2,0.030534351
28-04-2018,16718.66,4044.5,217,63,159,64,57,9,4,0.056603774
29-04-2018,14007.76,2596.5,199,50,137,59,53,10,3,0.072992701
30-04-2018,15611.31,0,194,0,159,7,28,8,3,0.050314465
01-05-2018,11684.51,4600,125,89,102,81,31,21,9,0.205882353
02-05-2018,15034.94,5487,168,89,143,50,64,6,2,0.041958042
03-05-2018,13397.79,3232.98,150,86,127,56,53,8,4,0.062992126
04-05-2018,14565.25,6810.65,163,105,137,62,69,11,4,0.080291971
05-05-2018,15062.6,5283.5,188,92,167,52,61,9,5,0.053892216
06-05-2018,12533.5,2689,182,49,114,65,52,27,7,0.236842105
07-05-2018,13757.81,4087,183,63,113,69,64,6,1,0.053097345
08-05-2018,12614.43,3968,176,63,120,64,55,12,4,0.1
09-05-2018,11408.94,4105,157,59,124,58,34,20,8,0.161290323
10-05-2018,16175,2830,173,47,136,46,38,0,0,0
11-05-2018,16312.73,6419,179,99,151,43,84,6,2,0.039735099
12-05-2018,16979.94,0,191,0,142,21,28,0,0,0
13-05-2018,13837.93,0,196,0,139,16,41,6,3,0.043165468
14-05-2018,15569.45,4059.63,183,76,145,56,58,3,1,0.020689655
15-05-2018,12929.73,0,161,0,116,13,32,12,5,0.103448276
16-05-2018,18678.09,0,186,0,156,13,17,2,1,0.012820513
17-05-2018,16303.02,5350.98,184,91,134,90,51,6,2,0.044776119
18-05-2018,18299.45,5188.42,182,80,134,50,78,12,6,0.089552239
19-05-2018,18021.24,0,225,0,167,18,40,0,0,0
20-05-2018,13642.59,6475.01,198,106,128,46,130,6,2,0.046875
21-05-2018,13374.37,6071.63,171,111,126,63,93,4,1,0.031746032
22-05-2018,16704.53,0,180,0,132,17,31,8,3,0.060606061
23-05-2018,13141.51,5718.63,175,86,137,45,79,7,3,0.051094891
24-05-2018,13523.75,6224,155,102,126,57,74,13,5,0.103174603
25-05-2018,14467.87,7357.63,179,114,142,51,100,7,3,0.049295775
26-05-2018,13296.78,6037.4,175,99,126,49,99,16,5,0.126984127
27-05-2018,16728.58,2698.5,205,40,149,36,60,4,1,0.026845638
28-05-2018,12769.43,4377.5,166,74,128,37,75,19,5,0.1484375
29-05-2018,12516.17,5204.63,167,86,139,50,64,9,4,0.064748201
30-05-2018,13340.06,3572,159,62,142,49,30,17,6,0.11971831
31-05-2018,14630.36,0,172,0,133,18,21,5,2,0.037593985
01-06-2018,14105.71,5445.34,176,96,131,55,86,10,2,0.076335878
02-06-2018,15602.91,4473,195,75,156,52,62,2,1,0.012820513
03-06-2018,14108.7,2595.63,191,55,132,63,51,2,1,0.015151515
04-06-2018,13121.67,3647.5,153,74,119,44,64,9,3,0.075630252
05-06-2018,12583.01,5521.51,153,82,134,57,44,1,1,0.007462687
06-06-2018,13109.72,2945.5,178,54,132,70,30,8,2,0.060606061
07-06-2018,13667.44,5234,163,81,123,52,69,8,3,0.06504065
08-06-2018,15523.05,5805.38,166,84,133,43,74,9,2,0.067669173
09-06-2018,15582.48,6573.45,180,111,143,51,97,4,2,0.027972028
10-06-2018,15181.83,0,208,0,151,26,31,2,1,0.013245033
11-06-2018,12291.19,4367,158,62,135,42,43,16,4,0.118518519
12-06-2018,13492.7,4944,160,86,116,62,68,13,6,0.112068966
13-06-2018,13572.04,4938.14,184,73,155,46,56,0,0,0
14-06-2018,13382.81,6387.17,163,105,137,40,91,2,1,0.01459854
15-06-2018,14912.26,6335.5,163,82,141,35,69,2,1,0.014184397
16-06-2018,15405.12,6429.34,182,95,139,40,98,2,1,0.014388489
17-06-2018,12722.52,5997.5,174,102,113,42,121,2,1,0.017699115
18-06-2018,12331.61,2907,181,45,128,52,46,6,2,0.046875
19-06-2018,13458.61,5607.48,165,89,123,69,62,10,4,0.081300813
20-06-2018,12647.35,5160,169,78,124,60,63,10,4,0.080645161
21-06-2018,14613.76,5441,155,81,132,51,53,16,6,0.121212121
22-06-2018,19863.4,4111.34,177,84,155,43,63,7,3,0.04516129
23-06-2018,16363.33,4972.5,177,86,130,44,89,15,5,0.115384615
24-06-2018,13736.68,4352.26,184,70,125,40,89,2,1,0.016
25-06-2018,12891.46,6010,175,100,120,61,94,8,3,0.066666667
26-06-2018,12190.56,5507.17,159,94,124,85,44,6,2,0.048387097
27-06-2018,12955.95,1893,172,27,133,36,30,8,3,0.060150376
28-06-2018,14486.47,3746.84,164,63,136,16,75,3,2,0.022058824
29-06-2018,14712.35,5842,182,87,143,31,95,5,2,0.034965035
30-06-2018,15268.96,5783.67,174,98,141,49,82,16,6,0.113475177
01-07-2018,13596.51,5529.02,179,104,115,78,90,2,1,0.017391304
02-07-2018,14225.57,5083.5,185,86,153,66,52,2,1,0.013071895
03-07-2018,14845.76,3058,185,50,134,32,69,2,1,0.014925373
04-07-2018,12459.13,4555,186,78,103,77,84,8,4,0.077669903
05-07-2018,12038.53,5391,170,93,115,56,92,3,1,0.026086957
06-07-2018,11965.7,5648.19,173,89,119,57,86,0,0,0
07-07-2018,14743.69,6026.34,185,92,132,43,102,6,4,0.045454545
08-07-2018,13114.94,6547.48,177,103,128,67,85,0,0,0
09-07-2018,14095.41,5769.5,166,97,137,67,59,0,0,0
10-07-2018,12972.33,4803.67,161,75,117,42,77,9,3,0.076923077
11-07-2018,14571.59,5996.63,186,79,143,46,76,10,4,0.06993007
12-07-2018,12336.17,6130.35,164,90,144,42,68,12,5,0.083333333
13-07-2018,12121.36,6299.48,159,90,101,49,99,15,4,0.148514851
14-07-2018,15143.37,5819.5,184,111,126,67,102,4,2,0.031746032
15-07-2018,13234.33,5966.12,159,91,131,49,70,4,1,0.030534351
16-07-2018,12604.93,4927.5,166,74,117,41,82,6,2,0.051282051
17-07-2018,13153.74,0,163,4,126,17,24,9,5,0.071428571
18-07-2018,12961.44,5434.5,155,89,126,69,49,8,3,0.063492063
19-07-2018,13566.22,6570,164,74,158,32,48,4,1,0.025316456
20-07-2018,12916.87,6115.5,168,94,134,32,96,6,2,0.044776119
21-07-2018,16427.66,2224,195,33,147,34,47,4,1,0.027210884
22-07-2018,14591.49,0,189,5,134,30,30,6,2,0.044776119
23-07-2018,11472.2,5127,164,75,123,68,48,9,3,0.073170732
24-07-2018,13662.5,4809,174,73,136,38,73,4,2,0.029411765
25-07-2018,13308.51,0,170,0,132,12,26,8,3,0.060606061
26-07-2018,13805.19,5232,157,89,118,48,80,8,4,0.06779661
27-07-2018,13722.27,0,170,0,114,3,53,18,6,0.157894737
28-07-2018,17181.21,6334.13,194,103,137,48,112,6,2,0.04379562
29-07-2018,12268.5,5168.5,171,88,117,59,83,3,2,0.025641026
30-07-2018,11039.54,3597.38,155,65,108,45,67,5,3,0.046296296
31-07-2018,11946.1,5008.25,141,81,124,43,55,8,3,0.064516129
01-08-2018,12627.44,4180,154,80,132,43,59,10,4,0.075757576
02-08-2018,13941.46,4110,185,64,124,57,68,4,1,0.032258065
03-08-2018,13745.74,5072.25,179,84,137,38,88,8,3,0.058394161
04-08-2018,13179.43,6007.37,173,95,134,36,98,7,3,0.052238806
05-08-2018,12225.96,4687,189,93,109,60,113,10,2,0.091743119
06-08-2018,13345.18,2585.5,176,44,100,39,81,5,2,0.05
07-08-2018,13329,1107,170,15,150,26,9,0,0,0
08-08-2018,14000.75,4439,170,57,137,57,33,12,5,0.087591241
09-08-2018,14408.66,4323.75,166,73,138,44,57,8,3,0.057971014
10-08-2018,14071.11,5550,189,85,149,36,89,2,1,0.013422819
11-08-2018,16841.05,1824.5,209,30,140,31,68,4,1,0.028571429
12-08-2018,12815,3729.5,201,55,120,51,85,5,2,0.041666667
13-08-2018,13052.99,2791,172,44,118,27,71,13,5,0.110169492
14-08-2018,12508,1513,160,31,109,33,49,4,1,0.036697248
15-08-2018,14045.75,3981.5,179,64,155,33,55,9,5,0.058064516
16-08-2018,12314.25,4744.5,166,74,114,56,70,15,6,0.131578947
17-08-2018,14948.29,3654.5,177,49,136,32,58,9,4,0.066176471
18-08-2018,15246.42,1447,196,21,127,41,49,2,1,0.015748031
19-08-2018,12110.76,4805,171,78,101,31,117,13,5,0.128712871
20-08-2018,12614.99,4894,167,63,126,42,62,12,4,0.095238095
21-08-2018,12990.5,3529.5,169,54,113,35,75,17,6,0.150442478
22-08-2018,13419.65,5049,172,68,142,43,55,2,1,0.014084507
23-08-2018,13205.86,5251.5,166,83,127,37,85,4,1,0.031496063
24-08-2018,14840.67,5831,171,83,128,28,98,10,4,0.078125
25-08-2018,14889.14,6505,184,91,125,44,106,6,2,0.048
26-08-2018,13021.99,4926.5,183,80,118,46,99,4,2,0.033898305
27-08-2018,11553.17,4190.5,163,73,116,36,84,6,2,0.051724138
28-08-2018,12533.75,3893,183,62,115,51,79,6,3,0.052173913
29-08-2018,13121.66,2975,167,48,128,45,42,5,2,0.0390625
30-08-2018,13174.11,5288.5,187,73,123,37,100,10,3,0.081300813
31-08-2018,14003.68,4165,168,63,123,33,75,4,2,0.032520325
01-09-2018,14579.25,5858.5,187,78,146,41,78,5,2,0.034246575
02-09-2018,13605.89,5090.25,196,78,125,46,103,0,0,0
03-09-2018,13012.23,3750.75,163,62,111,28,86,11,4,0.099099099
04-09-2018,12005,4010.25,170,69,117,56,66,6,3,0.051282051
05-09-2018,12228.42,3211,161,53,110,70,34,10,2,0.090909091
06-09-2018,15589.4,2527.75,168,40,132,31,45,1,1,0.007575758
07-09-2018,15249,3431,193,51,138,38,68,5,2,0.036231884
08-09-2018,15178.5,0,191,0,126,33,32,21,6,0.166666667
09-09-2018,14679.25,0,199,0,132,33,34,0,0,0
10-09-2018,12763.67,0,177,0,125,21,31,8,2,0.064
11-09-2018,14773.75,1059,187,20,129,50,28,7,3,0.054263566
12-09-2018,13564.72,0,172,0,116,17,39,4,2,0.034482759
13-09-2018,12964.3,4320.5,164,67,128,27,76,5,3,0.0390625
14-09-2018,13918.34,5153.75,171,74,131,11,103,11,4,0.083969466
15-09-2018,13631.5,6342.5,169,79,141,4,103,14,4,0.09929078
16-09-2018,11764.29,5301.5,171,90,118,31,112,4,1,0.033898305
17-09-2018,13232.13,1700.75,189,33,134,42,46,6,2,0.044776119
18-09-2018,13700.5,4615,174,73,129,8,110,1,1,0.007751938
19-09-2018,12611.16,4032.38,159,64,111,6,106,2,1,0.018018018
20-09-2018,11553.2,3456.5,155,56,101,16,94,12,4,0.118811881
21-09-2018,15884,5368,186,91,153,2,122,4,2,0.026143791
22-09-2018,14687.5,5961.75,182,93,139,8,128,9,4,0.064748201
23-09-2018,13291.77,2124.5,187,33,110,2,108,8,2,0.072727273
24-09-2018,17008.46,2488,188,42,123,17,90,2,1,0.016260163
25-09-2018,13328.38,0,180,0,125,1,54,3,1,0.024
26-09-2018,13383.75,2480.75,171,29,133,5,62,0,0,0
27-09-2018,13965.25,1610,173,26,127,2,70,2,1,0.015748031
28-09-2018,14566.68,4756.25,187,72,140,3,116,4,2,0.028571429
29-09-2018,14317.75,5907,173,85,125,4,129,8,3,0.064
30-09-2018,13291.51,5075.5,208,73,154,5,122,2,1,0.012987013
01-10-2018,13859.75,3962,174,59,123,5,105,0,0,0
02-10-2018,14062.59,2153.75,181,36,137,4,76,8,3,0.058394161
03-10-2018,-1000,26000.01,,1,,,,,,
04-10-2018,16258.59,0,40,0,40,0,0,0,0,0
05-10-2018,14232.6,4800,170,77,135,1,111,5,2,0.037037037
06-10-2018,15833.88,4952.5,183,75,144,2,112,7,4,0.048611111
07-10-2018,13752.2,5346.21,176,84,130,10,120,9,4,0.069230769
08-10-2018,14688.49,1034.5,172,15,123,5,59,3,1,0.024390244
09-10-2018,11409.59,4275,164,69,112,5,116,4,2,0.035714286
10-10-2018,14005.52,4437.25,160,76,129,3,104,3,1,0.023255814
11-10-2018,15418.14,0,186,0,127,0,59,17,5,0.133858268
12-10-2018,14132.42,5059,174,67,134,13,94,13,5,0.097014925
13-10-2018,15842.75,4818,186,68,144,49,61,2,1,0.013888889
14-10-2018,14820.38,3743.25,194,59,150,2,101,5,2,0.033333333
15-10-2018,14410.75,339.5,185,4,119,2,68,0,0,0
16-10-2018,14500.07,690,167,6,120,2,51,16,4,0.133333333
17-10-2018,13630.67,94,170,2,122,4,46,10,3,0.081967213
18-10-2018,14878,0,176,0,115,2,59,4,2,0.034782609
19-10-2018,15480.5,1407,192,29,143,13,65,2,1,0.013986014
20-10-2018,15528.04,3019,187,56,140,2,101,6,3,0.042857143
21-10-2018,14927,0,184,0,130,5,49,0,0,0
22-10-2018,13160.74,0,174,0,132,2,40,8,2,0.060606061
23-10-2018,13488.76,519.75,173,6,114,0,65,4,2,0.035087719
24-10-2018,15935,0,180,0,134,0,46,0,0,0
25-10-2018,14465.01,0,164,0,114,11,39,0,0,0
26-10-2018,14558,0,195,0,137,1,57,0,0,0
27-10-2018,16526.96,0,194,0,152,0,42,2,1,0.013157895
28-10-2018,13103.98,1452.25,180,23,124,4,75,6,2,0.048387097
29-10-2018,14752.5,0,179,0,118,7,54,6,3,0.050847458
30-10-2018,13185.25,0,171,0,130,2,39,6,2,0.046153846
31-10-2018,13802.3,1851.5,174,29,124,2,77,10,4,0.080645161
01-11-2018,14209.75,2242.5,175,36,119,7,85,11,4,0.092436975
02-11-2018,16646.78,1156,204,16,160,6,54,0,0,0
03-11-2018,17098,2912.5,198,46,148,0,96,0,0,0
04-11-2018,15718,1428.5,180,22,128,2,72,5,2,0.0390625
05-11-2018,14828.91,0,182,0,128,8,46,2,1,0.015625
06-11-2018,12192.5,0,167,0,123,0,44,6,3,0.048780488
07-11-2018,15258,1209.5,143,18,90,4,67,8,4,0.088888889
08-11-2018,13734.5,0,175,0,130,0,45,0,0,0
09-11-2018,14426.65,0,183,0,139,0,44,4,2,0.028776978
10-11-2018,15439.52,0,233,0,184,0,49,2,1,0.010869565
11-11-2018,13939.95,0,198,0,151,2,45,0,0,0
12-11-2018,11892,0,163,0,118,8,37,13,3,0.110169492
13-11-2018,13397.5,0,163,0,123,1,39,5,2,0.040650407
14-11-2018,13446,0,164,0,116,2,46,9,4,0.077586207
15-11-2018,13457,0,147,0,102,3,42,10,5,0.098039216
16-11-2018,15187.25,0,176,0,135,1,40,8,3,0.059259259
17-11-2018,17525.25,0,198,0,147,0,51,8,2,0.054421769
18-11-2018,14531,0,184,0,119,4,61,6,3,0.050420168
19-11-2018,13200.24,0,173,0,119,5,49,0,0,0
20-11-2018,14088.25,0,189,0,132,0,57,6,3,0.045454545
21-11-2018,14029.99,0,178,0,124,2,52,12,5,0.096774194
22-11-2018,0,0,,0,,,,,,
23-11-2018,14565.5,0,197,0,137,1,59,2,1,0.01459854
24-11-2018,15461.75,0,190,0,145,0,45,6,2,0.04137931
25-11-2018,11946.5,0,179,0,120,8,51,7,2,0.058333333
26-11-2018,12201.5,0,163,0,111,3,49,4,2,0.036036036
27-11-2018,13653,0,161,0,116,2,43,6,2,0.051724138
28-11-2018,14088.95,0,170,0,124,1,45,4,1,0.032258065
29-11-2018,14179.59,0,183,0,138,6,39,2,1,0.014492754
30-11-2018,14363.37,0,172,0,126,0,46,2,1,0.015873016
01-12-2018,15720.91,0,191,0,133,0,58,2,1,0.015037594
02-12-2018,13512.75,0,197,0,136,0,61,0,0,0
03-12-2018,11313.5,0,169,0,110,16,43,10,3,0.090909091
04-12-2018,12529.75,0,165,0,121,0,44,14,5,0.115702479
05-12-2018,11761.25,0,170,0,119,0,51,5,2,0.042016807
06-12-2018,15825.84,0,180,0,132,0,48,8,3,0.060606061
07-12-2018,16930.08,0,192,0,153,0,39,8,3,0.052287582
08-12-2018,15826.49,0,205,0,127,1,77,7,3,0.05511811
09-12-2018,14290.71,0,188,0,129,0,59,10,3,0.07751938
10-12-2018,14184.25,0,173,0,127,1,45,6,2,0.047244094
11-12-2018,18929.5,0,169,0,120,3,46,2,1,0.016666667
12-12-2018,13305.57,0,159,0,110,0,49,8,3,0.072727273
13-12-2018,18817.5,0,164,0,115,4,45,2,1,0.017391304
14-12-2018,16720.16,0,171,0,112,4,55,6,2,0.053571429
15-12-2018,16371.82,0,246,0,197,0,49,6,2,0.030456853
16-12-2018,13708.5,0,175,0,140,0,35,2,1,0.014285714
17-12-2018,14433,0,169,0,116,4,49,8,2,0.068965517
18-12-2018,15217.59,0,169,0,132,0,37,8,3,0.060606061
19-12-2018,15203.41,0,185,0,126,2,57,6,2,0.047619048
20-12-2018,13216,0,163,0,117,5,41,8,3,0.068376068
21-12-2018,12837.89,0,184,0,134,5,45,2,1,0.014925373
22-12-2018,16637.99,0,207,0,134,6,67,5,1,0.037313433
23-12-2018,14078.37,0,186,0,131,3,52,4,1,0.030534351
24-12-2018,0,0,,0,,,,,,
25-12-2018,0,0,,0,,,,,,
26-12-2018,13206.7,0,176,0,110,1,65,14,4,0.127272727
27-12-2018,15357.03,0,197,0,142,1,54,2,1,0.014084507
28-12-2018,15497.37,0,209,0,152,0,57,0,0,0
29-12-2018,16236.11,0,202,0,143,0,59,3,1,0.020979021
30-12-2018,15208,0,202,0,131,0,71,9,3,0.06870229
31-12-2018,15099,0,182,0,137,0,45,2,1,0.01459854
01-01-2019,0,0,,0,,,,,,
02-01-2019,12685.24,0,183,0,132,0,51,4,1,0.03030303
03-01-2019,13580.96,0,184,0,131,0,53,6,2,0.045801527
04-01-2019,16002.75,0,197,0,138,0,59,6,2,0.043478261
05-01-2019,16463.62,0,216,0,157,0,59,0,0,0
06-01-2019,12405.14,0,178,0,113,2,63,8,3,0.07079646
07-01-2019,14222.67,0,175,0,126,0,49,0,0,0
08-01-2019,10811.32,0,166,0,106,5,55,14,4,0.132075472
09-01-2019,12985.09,0,175,0,123,0,52,10,4,0.081300813
10-01-2019,13196.76,0,162,0,121,2,39,0,0,0
11-01-2019,14699.25,0,186,0,141,0,45,4,2,0.028368794
12-01-2019,17112.96,0,203,0,156,1,46,12,4,0.076923077
13-01-2019,14285,0,185,0,130,2,53,12,4,0.092307692
14-01-2019,14422.25,0,191,0,142,0,49,13,4,0.091549296
15-01-2019,13893.17,0,191,0,135,0,56,9,3,0.066666667
16-01-2019,12378.42,0,166,0,124,4,38,8,3,0.064516129
17-01-2019,13888.74,0,180,0,143,2,35,0,0,0
18-01-2019,15526.62,0,187,0,150,1,36,6,1,0.04
19-01-2019,15916.88,0,201,0,148,1,52,5,2,0.033783784
20-01-2019,16673,0,208,0,147,2,59,8,3,0.054421769
21-01-2019,11967.25,0,165,0,114,2,49,9,4,0.078947368
22-01-2019,13409.07,0,179,0,138,3,38,11,5,0.079710145
23-01-2019,13602,0,170,0,132,0,38,4,1,0.03030303
24-01-2019,13681.91,0,190,0,147,1,42,0,0,0
25-01-2019,17980.69,0,194,0,145,0,49,2,1,0.013793103
26-01-2019,25000,0,75,0,75,0,0,0,0,0
27-01-2019,13926,0,178,0,128,0,50,14,4,0.109375
28-01-2019,15725.4,0,191,0,151,4,36,2,1,0.013245033
29-01-2019,13610.53,0,153,0,112,0,41,4,1,0.035714286
30-01-2019,14601.53,0,174,0,136,0,38,3,1,0.022058824
31-01-2019,15421.91,0,192,0,151,0,41,3,1,0.01986755
01-02-2019,16049.24,0,183,0,143,0,40,6,2,0.041958042
02-02-2019,18353.31,0,195,0,150,0,45,4,1,0.026666667
03-02-2019,0,0,,0,,,,,,
04-02-2019,11976.75,0,169,0,125,0,44,8,2,0.064
05-02-2019,14941.96,0,181,0,124,0,57,18,5,0.14516129
06-02-2019,14392.54,0,186,0,141,0,45,2,1,0.014184397
07-02-2019,14755.85,0,186,0,140,0,46,7,3,0.05
08-02-2019,14796.74,0,176,0,133,0,43,4,2,0.030075188
09-02-2019,18597.28,0,200,0,154,0,46,0,0,0
10-02-2019,14265.28,0,196,0,147,0,49,4,2,0.027210884
11-02-2019,13817.81,0,177,0,121,5,51,7,3,0.05785124
12-02-2019,13575.01,0,158,0,120,1,37,2,1,0.016666667
13-02-2019,15300.51,0,180,0,144,0,36,2,1,0.013888889
14-02-2019,15169.45,0,185,0,140,0,45,4,2,0.028571429
15-02-2019,16749.41,0,199,0,144,3,52,0,0,0
16-02-2019,16851.88,0,218,0,157,0,61,4,1,0.025477707
17-02-2019,16455.36,0,213,0,154,0,59,7,2,0.045454545
18-02-2019,15747.65,0,185,0,139,0,46,3,1,0.021582734
19-02-2019,13941.2,0,168,0,123,4,41,9,4,0.073170732
20-02-2019,13769,0,155,0,116,1,38,8,3,0.068965517
21-02-2019,14799.51,0,183,0,141,0,42,8,3,0.056737589
22-02-2019,17253.5,0,201,0,145,1,55,0,0,0
23-02-2019,17842.15,0,213,0,151,0,62,6,3,0.039735099
24-02-2019,13862.72,0,189,0,138,0,51,6,3,0.043478261
25-02-2019,13771.25,0,159,0,120,0,39,13,5,0.108333333
26-02-2019,13913.67,0,178,0,140,0,38,4,2,0.028571429
27-02-2019,27909.75,0,168,0,134,0,34,3,1,0.02238806
28-02-2019,14560.02,0,168,0,134,4,30,4,1,0.029850746
01-03-2019,14837.11,0,190,0,154,0,36,0,0,0
02-03-2019,19093.57,0,198,0,145,0,53,4,2,0.027586207
03-03-2019,13957.5,0,183,0,123,4,56,4,2,0.032520325
04-03-2019,13369.25,0,184,0,138,0,46,8,2,0.057971014
05-03-2019,13599.77,0,164,0,126,0,38,4,1,0.031746032
06-03-2019,11925.17,0,150,0,115,0,35,14,5,0.12173913
07-03-2019,15261.42,0,192,0,123,2,67,10,4,0.081300813
08-03-2019,17086.85,0,196,0,145,0,51,4,2,0.027586207
09-03-2019,19019.56,0,210,0,156,0,54,3,1,0.019230769
10-03-2019,15061.3,0,204,0,156,0,48,4,1,0.025641026
11-03-2019,14179.58,0,182,0,134,3,45,8,3,0.059701493
12-03-2019,14019.5,0,182,0,138,1,43,2,1,0.014492754
13-03-2019,16744.55,0,177,0,129,0,48,15,6,0.11627907
14-03-2019,14913.4,0,179,0,128,0,51,0,0,0
15-03-2019,15491.38,0,181,0,139,0,42,0,0,0
16-03-2019,16980.42,0,203,0,157,0,46,0,0,0
17-03-2019,14554.25,0,186,0,135,1,50,9,3,0.066666667
18-03-2019,14174.46,0,173,0,132,1,40,6,1,0.045454545
19-03-2019,13480.41,0,178,0,117,1,60,10,4,0.085470085
20-03-2019,12259.69,0,164,0,108,0,56,8,3,0.074074074
21-03-2019,13971.17,0,171,0,124,0,47,13,4,0.10483871
22-03-2019,15905.09,0,190,0,144,0,46,6,2,0.041666667
23-03-2019,17432.25,0,200,0,140,0,60,13,5,0.092857143
24-03-2019,14233,0,179,0,123,3,53,6,3,0.048780488
25-03-2019,14034.25,0,187,0,134,2,51,0,0,0
26-03-2019,14285.5,0,178,0,126,0,52,4,1,0.031746032
27-03-2019,15776.1,0,170,0,133,0,37,0,0,0
28-03-2019,13559.5,0,182,0,135,0,47,0,0,0
29-03-2019,16291.09,0,189,0,146,0,43,4,1,0.02739726
30-03-2019,17937.19,0,206,0,156,0,50,4,2,0.025641026
31-03-2019,14248.72,0,195,0,146,0,49,6,3,0.04109589
01-04-2019,12858.5,0,162,0,114,2,46,13,5,0.114035088
02-04-2019,13983,0,171,0,128,1,42,2,1,0.015625
03-04-2019,15240.98,35,176,1,120,0,57,5,2,0.041666667
04-04-2019,14172.84,0,178,0,129,0,49,4,1,0.031007752
05-04-2019,17164.91,0,200,0,151,1,48,3,1,0.01986755
06-04-2019,19636.7,0,223,0,161,2,60,6,2,0.037267081
07-04-2019,15262.66,0,190,0,128,2,60,0,0,0
08-04-2019,13748.75,0,181,0,122,1,58,6,3,0.049180328
09-04-2019,15610.75,0,181,0,145,2,34,2,1,0.013793103
10-04-2019,14814.28,1327.25,189,15,135,0,69,2,1,0.014814815
11-04-2019,14669.42,564,178,7,131,7,47,2,1,0.015267176
12-04-2019,15499.54,0,188,0,128,5,55,10,2,0.078125
13-04-2019,16776.58,5268.12,201,85,173,2,111,9,3,0.052023121
14-04-2019,16358.64,2838.5,211,48,153,0,106,13,4,0.08496732
15-04-2019,15071.21,0,197,0,143,0,54,0,0,0
16-04-2019,14612.5,2091.75,184,37,135,3,83,0,0,0
17-04-2019,14541.2,1099,183,16,133,0,66,10,4,0.07518797
18-04-2019,16055.73,2734,180,36,144,5,67,2,1,0.013888889
19-04-2019,16211.01,1888.5,204,24,145,3,80,8,3,0.055172414
20-04-2019,17324.62,2597.5,213,48,138,4,119,8,4,0.057971014
21-04-2019,15022.88,2924.5,201,48,138,0,111,4,2,0.028985507
22-04-2019,14521,0,193,0,140,1,52,8,2,0.057142857
23-04-2019,13687.71,1437,171,27,127,2,69,4,1,0.031496063
24-04-2019,13878.09,4437.5,182,67,131,0,118,9,3,0.06870229
25-04-2019,15795,0,183,0,125,0,58,2,1,0.016
26-04-2019,15665.17,0,178,0,136,0,42,6,2,0.044117647
27-04-2019,17420.7,3151.5,177,43,133,0,87,4,1,0.030075188
28-04-2019,13128.27,257,170,4,124,0,50,16,5,0.129032258
29-04-2019,13181.34,352,184,6,142,0,48,2,1,0.014084507
30-04-2019,14855.48,621,162,10,126,5,41,0,0,0
01-05-2019,13112.84,0,165,0,118,0,47,6,2,0.050847458
02-05-2019,16546.26,1500,180,21,128,1,72,4,2,0.03125
03-05-2019,16099.49,1851.5,192,31,144,0,79,6,2,0.041666667
04-05-2019,17020.4,4859.5,191,72,170,0,93,6,2,0.035294118
05-05-2019,14566.4,0,199,0,128,0,71,6,3,0.046875
06-05-2019,13520.5,2461.5,165,38,128,0,75,4,2,0.03125
07-05-2019,14714.75,1316,191,18,117,4,88,0,0,0
08-05-2019,12407.19,1442.5,169,22,119,0,72,0,0,0
09-05-2019,16126.6,178,191,4,130,0,65,4,2,0.030769231
10-05-2019,19271.04,5042.5,203,67,172,0,98,0,0,0
11-05-2019,18350.18,2363.5,201,38,139,0,100,4,2,0.028776978
12-05-2019,12262.59,0,168,0,114,2,52,2,1,0.01754386
13-05-2019,13163,0,180,0,134,0,46,10,3,0.074626866
14-05-2019,14125.75,0,162,0,124,0,38,16,4,0.129032258
15-05-2019,14089.71,3511.5,173,53,135,0,91,6,2,0.044444444
16-05-2019,14078.49,4345,170,65,136,0,99,2,1,0.014705882
17-05-2019,17464.99,3885.5,184,53,146,0,91,4,2,0.02739726
18-05-2019,18383.4,6252,209,73,154,0,128,3,1,0.019480519
19-05-2019,13382.38,4178.25,189,68,146,0,111,2,1,0.01369863
20-05-2019,13036.25,3997.25,182,68,128,4,118,14,4,0.109375
21-05-2019,15862.91,4445,186,62,119,3,126,12,4,0.100840336
22-05-2019,13316.46,4139,172,63,124,2,109,7,3,0.056451613
23-05-2019,13432.75,2651.75,168,43,126,0,85,0,0,0
24-05-2019,15825.64,5846.5,190,75,132,0,133,2,1,0.015151515
25-05-2019,25080,0,22,0,22,0,0,0,0,0
26-05-2019,17565.74,3298,211,39,159,0,91,8,3,0.050314465
27-05-2019,13957.99,5125.5,179,75,115,1,138,2,1,0.017391304
28-05-2019,11861.49,1786.5,152,23,105,0,70,10,3,0.095238095
29-05-2019,13669.77,0,176,0,121,0,55,11,4,0.090909091
30-05-2019,14610.13,0,175,0,140,0,35,12,5,0.085714286
31-05-2019,15443.76,6923.5,190,86,159,2,115,6,1,0.037735849
01-06-2019,19493.5,5815.5,184,78,137,0,125,4,2,0.02919708
02-06-2019,15814.08,2076.5,207,30,114,0,123,8,3,0.070175439
03-06-2019,13954.8,4900,177,65,120,2,120,11,4,0.091666667
04-06-2019,14353.46,4648,170,72,126,8,108,4,2,0.031746032
05-06-2019,14050.58,1563,181,29,92,0,118,18,6,0.195652174
06-06-2019,13202.26,5219,173,76,132,0,117,8,3,0.060606061
07-06-2019,15962.38,5061.5,178,80,138,0,120,0,0,0
08-06-2019,15591.25,5610.26,205,82,145,1,141,2,1,0.013793103
09-06-2019,15010.85,5605.25,195,84,143,0,136,6,3,0.041958042
10-06-2019,13564.7,0,176,0,126,2,48,10,5,0.079365079
11-06-2019,13822.22,4516.25,171,67,130,0,108,2,1,0.015384615
12-06-2019,13673.62,4358.75,171,61,123,0,109,10,3,0.081300813
13-06-2019,12934.25,2275.5,172,28,120,0,80,10,5,0.083333333
14-06-2019,14215.63,5472.75,178,86,141,0,123,7,3,0.04964539
15-06-2019,15994.31,5065,192,74,127,0,139,10,5,0.078740157
16-06-2019,14483.29,3322,179,48,128,0,99,6,3,0.046875
17-06-2019,14572.47,3960,184,66,139,5,106,0,0,0
18-06-2019,14957.13,0,175,0,131,2,42,2,1,0.015267176
19-06-2019,14231.25,0,183,0,130,0,53,0,0,0
20-06-2019,14552.5,2166,184,34,123,2,93,10,4,0.081300813
21-06-2019,16328.99,4653,177,69,137,2,107,6,2,0.04379562
22-06-2019,10713.18,5551,185,88,132,0,141,4,2,0.03030303
23-06-2019,13662.13,5877.75,191,84,129,0,146,8,2,0.062015504
24-06-2019,13400.25,4736.25,177,79,136,0,120,8,4,0.058823529
25-06-2019,12388.7,4466,144,69,103,0,110,16,6,0.155339806
26-06-2019,12605,4487.5,179,67,149,0,97,6,2,0.040268456
27-06-2019,13675.62,5443,170,80,143,0,107,5,2,0.034965035
28-06-2019,14171.25,6180.5,177,74,145,0,106,12,4,0.082758621
29-06-2019,14695.5,5369.75,189,72,135,3,123,10,5,0.074074074
30-06-2019,14073.24,4925.5,221,75,156,2,138,4,1,0.025641026
